<xml xmlns="http://www.w3.org/1999/xhtml" id="toolbox" style="display: none;">
  <category name="Logic" colour="#5C81A6">
    <block type="controls_if"></block>
    <block type="logic_compare">
      <field name="OP">EQ</field>
    </block>
    <block type="logic_operation">
      <field name="OP">AND</field>
    </block>
    <block type="logic_negate"></block>
    <block type="logic_boolean">
      <field name="BOOL">TRUE</field>
    </block>
    <block type="logic_null"></block>
    <block type="logic_ternary"></block>
  </category>
  <category name="Text" colour="#5CA68D">
    <block type="text_charAt">
      <mutation at="true"></mutation>
      <field name="WHERE">FROM_START</field>
      <value name="VALUE">
        <block type="variables_get">
          <field name="VAR" id="Z{qoCL%_}KVqUV;ri%#%" variabletype="">text</field>
        </block>
      </value>
    </block>
    <block type="text">
      <field name="TEXT"></field>
    </block>
    <block type="text_append">
      <field name="VAR" id="_$u`$%TBs1G%tZ!-o{u5" variabletype="">item</field>
      <value name="TEXT">
        <shadow type="text">
          <field name="TEXT"></field>
        </shadow>
      </value>
    </block>
    <block type="text_length">
      <value name="VALUE">
        <shadow type="text">
          <field name="TEXT">abc</field>
        </shadow>
      </value>
    </block>
    <block type="text_isEmpty">
      <value name="VALUE">
        <shadow type="text">
          <field name="TEXT"></field>
        </shadow>
      </value>
    </block>
    <block type="text_indexOf">
      <field name="END">FIRST</field>
      <value name="VALUE">
        <block type="variables_get">
          <field name="VAR" id="Z{qoCL%_}KVqUV;ri%#%" variabletype="">text</field>
        </block>
      </value>
      <value name="FIND">
        <shadow type="text">
          <field name="TEXT">abc</field>
        </shadow>
      </value>
    </block>
    <block type="text_join">
      <mutation items="2"></mutation>
    </block>
    <block type="text_getSubstring">
      <mutation at1="true" at2="true"></mutation>
      <field name="WHERE1">FROM_START</field>
      <field name="WHERE2">FROM_START</field>
      <value name="STRING">
        <block type="variables_get">
          <field name="VAR" id="Z{qoCL%_}KVqUV;ri%#%" variabletype="">text</field>
        </block>
      </value>
    </block>
    <block type="text_changeCase">
      <field name="CASE">UPPERCASE</field>
      <value name="TEXT">
        <shadow type="text">
          <field name="TEXT">abc</field>
        </shadow>
      </value>
    </block>
    <block type="text_trim">
      <field name="MODE">BOTH</field>
      <value name="TEXT">
        <shadow type="text">
          <field name="TEXT">abc</field>
        </shadow>
      </value>
    </block>
    <block type="text_print">
      <value name="TEXT">
        <shadow type="text">
          <field name="TEXT">abc</field>
        </shadow>
      </value>
    </block>
    <block type="text_prompt_ext">
      <mutation type="TEXT"></mutation>
      <field name="TYPE">TEXT</field>
      <value name="TEXT">
        <shadow type="text">
          <field name="TEXT">abc</field>
        </shadow>
      </value>
    </block>
  </category>
  <category name="Math" colour="#5C68A6">
    <block type="math_round">
      <field name="OP">ROUND</field>
      <value name="NUM">
        <shadow type="math_number">
          <field name="NUM">3.1</field>
        </shadow>
      </value>
    </block>
    <block type="math_number">
      <field name="NUM">0</field>
    </block>
    <block type="math_single">
      <field name="OP">ROOT</field>
      <value name="NUM">
        <shadow type="math_number">
          <field name="NUM">9</field>
        </shadow>
      </value>
    </block>
    <block type="math_trig">
      <field name="OP">SIN</field>
      <value name="NUM">
        <shadow type="math_number">
          <field name="NUM">45</field>
        </shadow>
      </value>
    </block>
    <block type="math_constant">
      <field name="CONSTANT">PI</field>
    </block>
    <block type="math_number_property">
      <mutation divisor_input="false"></mutation>
      <field name="PROPERTY">EVEN</field>
      <value name="NUMBER_TO_CHECK">
        <shadow type="math_number">
          <field name="NUM">0</field>
        </shadow>
      </value>
    </block>
    <block type="math_arithmetic">
      <field name="OP">ADD</field>
      <value name="A">
        <shadow type="math_number">
          <field name="NUM">1</field>
        </shadow>
      </value>
      <value name="B">
        <shadow type="math_number">
          <field name="NUM">1</field>
        </shadow>
      </value>
    </block>
    <block type="math_on_list">
      <mutation op="SUM"></mutation>
      <field name="OP">SUM</field>
    </block>
    <block type="math_modulo">
      <value name="DIVIDEND">
        <shadow type="math_number">
          <field name="NUM">64</field>
        </shadow>
      </value>
      <value name="DIVISOR">
        <shadow type="math_number">
          <field name="NUM">10</field>
        </shadow>
      </value>
    </block>
    <block type="math_constrain">
      <value name="VALUE">
        <shadow type="math_number">
          <field name="NUM">50</field>
        </shadow>
      </value>
      <value name="LOW">
        <shadow type="math_number">
          <field name="NUM">1</field>
        </shadow>
      </value>
      <value name="HIGH">
        <shadow type="math_number">
          <field name="NUM">100</field>
        </shadow>
      </value>
    </block>
    <block type="math_random_int">
      <value name="FROM">
        <shadow type="math_number">
          <field name="NUM">1</field>
        </shadow>
      </value>
      <value name="TO">
        <shadow type="math_number">
          <field name="NUM">100</field>
        </shadow>
      </value>
    </block>
    <block type="math_random_float"></block>
  </category>
  <category name="MGE">
    <block type="start_block"></block>
    <block type="update_block"></block>
    <block type="find_entity">
      <field name="NAME">default</field>
    </block>
    <block type="log">
      <field name="TXT">Write here</field>
    </block>
  </category>
  <category name="Variables" colour="#A65C81" custom="VARIABLE"></category>
</xml>